{
    "winsor_X_cap": 800.0,
    "prime_max_val": 10000,
    "fit_families": [
        "SC_TypeI",
        "SC_TypeII"
    ],
    "gamma": {
        "mean": 1.573015022982149e-17,
        "ci_low": 7.608506098705789e-30,
        "ci_high": 1.9636691940774664e-16,
        "std": 5.4224752468213796e-17
    },
    "eta": {
        "mean": 1.848343022379272e-05,
        "ci_low": 9.689397066637257e-07,
        "ci_high": 3.303852553029773e-05,
        "std": 8.187210080079778e-06
    }
}