{
    "CALIBRATED_GAMMA": 1.6416706377498487e-17,
    "CALIBRATED_ETA": 1.8773326689504494e-05,
    "METADATA": {
        "winsor_X_cap": 800.0,
        "eta_95_CI": [
            2.9729618836193853e-06,
            3.242486740217158e-05
        ],
        "fit_families": [
            "SC_TypeI",
            "SC_TypeII"
        ],
        "prime_max_val": 7919
    }
}