{
    "CALIBRATED_GAMMA": 1.914543082953824e-17,
    "CALIBRATED_ETA": 1.880627769635262e-05,
    "METADATA": {
        "winsor_X_cap": 800.0,
        "eta_95_CI": [
            2.5518661539402832e-06,
            3.338564501653087e-05
        ],
        "fit_families": [
            "SC_TypeI",
            "SC_TypeII"
        ],
        "prime_max_val": 7919
    }
}