grouping,group_value,error_metric,n_total,n_valid,baseline_scale,baseline_alpha,baseline_mare,baseline_log_mae,doft_mare,doft_error_col,baseline_params,doft_params,err_delta_baseline_minus_doft
category,SC_HighPressure,mean_absolute_relative_error,11,9,94.21431796211472,-4.424268598341011,0.41977643424129996,0.4196457192581781,0.24103418184702713,err_after_kappa,2,0,0.17874225239427283
category,SC_Binary,mean_absolute_relative_error,16,12,201.14701312298365,-4.265106987662714,0.5870313920543045,0.5238463065346934,0.019553676429422764,err_after_kappa,2,0,0.5674777156248818
category,Superfluid,mean_absolute_relative_error,16,12,1.971696159863906,1.3268987016797444,1.9701291437045414,1.7612385951595566,0.0029526193873059513,err_after_kappa,2,0,1.9671765243172354
category,SC_IronBased,mean_absolute_relative_error,8,6,1.2266913201044831,1.1233583106312197,2.8545792307965328,1.6966557329593959,0.027054581402941008,err_after_kappa,2,0,2.8275246493935917
jump_type,intra,mean_absolute_relative_error,39,39,18.565661704367557,-1.7522247936686512,4.897534305624218,1.7030583652559352,0.0667105301241445,err_after_kappa,2,0,4.830823775500074
lock_family,integer,mean_absolute_relative_error,15,15,184.7096011755967,-4.606632455227097,0.6903286564213452,0.6074130988288213,0.157965189177584,err_after_kappa,2,0,0.5323634672437612
lock_family,rational,mean_absolute_relative_error,24,12,1.971696159863906,1.3268987016797444,1.9701291437045414,1.7612385951595566,0.0029526193873059513,err_after_kappa,2,0,1.9671765243172354
lock_family,mixed,mean_absolute_relative_error,12,12,9.893662181368006,-1.26333871206899,4.378275798373981,1.6468959580931941,0.016400117044183635,err_after_kappa,2,0,4.361875681329797
