{
    "winsor_X_cap": 600.0,
    "prime_max_val": 7919,
    "fit_families": [
        "SC_TypeI",
        "SC_TypeII"
    ],
    "gamma": {
        "mean": 4.164323322700675e-17,
        "ci_low": 2.2211374389963815e-27,
        "ci_high": 4.2746483299706063e-16,
        "std": 1.2160917885593511e-16
    },
    "eta": {
        "mean": 2.710198484432091e-05,
        "ci_low": 5.992068271640349e-06,
        "ci_high": 4.545851105153147e-05,
        "std": 1.0064192407666384e-05
    }
}