{
    "winsor_X_cap": 400.0,
    "prime_max_val": 7919,
    "fit_families": [
        "SC_TypeI",
        "SC_TypeII"
    ],
    "gamma": {
        "mean": 1.0551549066834696e-16,
        "ci_low": 6.421224225690403e-26,
        "ci_high": 9.610678368270546e-16,
        "std": 2.52158560286242e-16
    },
    "eta": {
        "mean": 4.2171560075948794e-05,
        "ci_low": 1.3613410210549553e-05,
        "ci_high": 6.93447870515537e-05,
        "std": 1.4023111710384166e-05
    }
}