{
    "winsor_X_cap": 600.0,
    "prime_max_val": 10000,
    "fit_families": [
        "SC_TypeI",
        "SC_TypeII"
    ],
    "gamma": {
        "mean": 5.2033636312637716e-17,
        "ci_low": 3.084869712797946e-27,
        "ci_high": 4.984159218094903e-16,
        "std": 1.2754807616548105e-16
    },
    "eta": {
        "mean": 2.6964450247267087e-05,
        "ci_low": 4.347078385159661e-06,
        "ci_high": 4.4714303532026186e-05,
        "std": 1.0474331247004779e-05
    }
}