{
    "winsor_X_cap": 400.0,
    "prime_max_val": 10000,
    "fit_families": [
        "SC_TypeI",
        "SC_TypeII"
    ],
    "gamma": {
        "mean": 9.276754767479094e-17,
        "ci_low": 8.435079991562686e-27,
        "ci_high": 7.907754082458654e-16,
        "std": 2.3144042326850774e-16
    },
    "eta": {
        "mean": 4.190252909766648e-05,
        "ci_low": 1.1360308846930448e-05,
        "ci_high": 6.768040975016e-05,
        "std": 1.407302285930475e-05
    }
}