{
    "winsor_X_cap": 800.0,
    "prime_max_val": 7919,
    "fit_families": [
        "SC_TypeI",
        "SC_TypeII"
    ],
    "gamma": {
        "mean": 1.6416706377498487e-17,
        "ci_low": 6.812363284338494e-29,
        "ci_high": 2.0283100720499915e-16,
        "std": 5.629496162682033e-17
    },
    "eta": {
        "mean": 1.8773326689504494e-05,
        "ci_low": 2.9729618836193853e-06,
        "ci_high": 3.242486740217158e-05,
        "std": 7.547352999956016e-06
    }
}